{
  "lang":"en",
  "name":"pipeline",
  "version":"0.0.0",
  "spacy_version":">=3.2.0,<3.3.0",
  "description":"",
  "author":"",
  "email":"",
  "url":"",
  "license":"",
  "spacy_git_version":"0fc3dee77",
  "vectors":{
    "width":0,
    "vectors":0,
    "keys":0,
    "name":null,
    "mode":"default"
  },
  "labels":{
    "tok2vec":[

    ],
    "ner":[
      "B",
      "DES",
      "EMAIL",
      "I",
      "NAME",
      "ORG",
      "PHONE",
      "WEB"
    ]
  },
  "pipeline":[
    "tok2vec",
    "ner"
  ],
  "components":[
    "tok2vec",
    "ner"
  ],
  "disabled":[

  ],
  "performance":{
    "ents_f":0.5588822355,
    "ents_p":0.6930693069,
    "ents_r":0.4682274247,
    "ents_per_type":{
      "B-NAME":{
        "p":0.7272727273,
        "r":0.3333333333,
        "f":0.4571428571
      },
      "I-NAME":{
        "p":0.7,
        "r":0.4242424242,
        "f":0.5283018868
      },
      "B-PHONE":{
        "p":0.84375,
        "r":0.6923076923,
        "f":0.7605633803
      },
      "B-DES":{
        "p":0.5625,
        "r":0.6,
        "f":0.5806451613
      },
      "I-DES":{
        "p":0.9090909091,
        "r":0.4,
        "f":0.5555555556
      },
      "I-ORG":{
        "p":0.7333333333,
        "r":0.5409836066,
        "f":0.6226415094
      },
      "B-WEB":{
        "p":0.5714285714,
        "r":0.3636363636,
        "f":0.4444444444
      },
      "I-WEB":{
        "p":0.0,
        "r":0.0,
        "f":0.0
      },
      "B-ORG":{
        "p":0.4,
        "r":0.24,
        "f":0.3
      },
      "B-EMAIL":{
        "p":0.6666666667,
        "r":0.4,
        "f":0.5
      },
      "I-PHONE":{
        "p":0.65625,
        "r":0.7,
        "f":0.6774193548
      },
      "I-EMAIL":{
        "p":0.0,
        "r":0.0,
        "f":0.0
      },
      "NAME":{
        "p":0.0,
        "r":0.0,
        "f":0.0
      },
      "I-OR":{
        "p":0.0,
        "r":0.0,
        "f":0.0
      },
      "ORG":{
        "p":0.0,
        "r":0.0,
        "f":0.0
      }
    },
    "tok2vec_loss":591.7052095401,
    "ner_loss":573.8033152015
  }
}