{
  "lang":"en",
  "name":"pipeline",
  "version":"0.0.0",
  "spacy_version":">=3.2.0,<3.3.0",
  "description":"",
  "author":"",
  "email":"",
  "url":"",
  "license":"",
  "spacy_git_version":"0fc3dee77",
  "vectors":{
    "width":0,
    "vectors":0,
    "keys":0,
    "name":null,
    "mode":"default"
  },
  "labels":{
    "tok2vec":[

    ],
    "ner":[
      "B",
      "DES",
      "EMAIL",
      "I",
      "NAME",
      "ORG",
      "PHONE",
      "WEB"
    ]
  },
  "pipeline":[
    "tok2vec",
    "ner"
  ],
  "components":[
    "tok2vec",
    "ner"
  ],
  "disabled":[

  ],
  "performance":{
    "ents_f":0.6076458753,
    "ents_p":0.618852459,
    "ents_r":0.5968379447,
    "ents_per_type":{
      "B-NAME":{
        "p":0.6428571429,
        "r":0.4736842105,
        "f":0.5454545455
      },
      "I-NAME":{
        "p":0.8076923077,
        "r":0.7,
        "f":0.75
      },
      "B-PHONE":{
        "p":0.6944444444,
        "r":0.6944444444,
        "f":0.6944444444
      },
      "B-ORG":{
        "p":0.3703703704,
        "r":0.3846153846,
        "f":0.3773584906
      },
      "I-ORG":{
        "p":0.5,
        "r":0.48,
        "f":0.4897959184
      },
      "B-EMAIL":{
        "p":0.9375,
        "r":0.8333333333,
        "f":0.8823529412
      },
      "B-WEB":{
        "p":0.875,
        "r":0.7777777778,
        "f":0.8235294118
      },
      "B-DES":{
        "p":0.7857142857,
        "r":0.6111111111,
        "f":0.6875
      },
      "I-PHONE":{
        "p":0.5,
        "r":0.7,
        "f":0.5833333333
      },
      "I-DES":{
        "p":0.5,
        "r":0.8,
        "f":0.6153846154
      },
      "PHONE":{
        "p":0.0,
        "r":0.0,
        "f":0.0
      },
      "I-EMAIL":{
        "p":1.0,
        "r":0.6,
        "f":0.75
      },
      "ORG":{
        "p":0.0,
        "r":0.0,
        "f":0.0
      },
      "I-DE":{
        "p":0.0,
        "r":0.0,
        "f":0.0
      }
    },
    "tok2vec_loss":762.9156215311,
    "ner_loss":518.459175194
  }
}