{
  "lang":"en",
  "name":"pipeline",
  "version":"0.0.0",
  "spacy_version":">=3.2.0,<3.3.0",
  "description":"",
  "author":"",
  "email":"",
  "url":"",
  "license":"",
  "spacy_git_version":"0fc3dee77",
  "vectors":{
    "width":0,
    "vectors":0,
    "keys":0,
    "name":null,
    "mode":"default"
  },
  "labels":{
    "tok2vec":[

    ],
    "ner":[
      "B",
      "DES",
      "EMAIL",
      "I",
      "NAME",
      "ORG",
      "PHONE",
      "WEB"
    ]
  },
  "pipeline":[
    "tok2vec",
    "ner"
  ],
  "components":[
    "tok2vec",
    "ner"
  ],
  "disabled":[

  ],
  "performance":{
    "ents_f":0.514619883,
    "ents_p":0.6168224299,
    "ents_r":0.4414715719,
    "ents_per_type":{
      "B-NAME":{
        "p":0.6363636364,
        "r":0.2916666667,
        "f":0.4
      },
      "I-NAME":{
        "p":0.7058823529,
        "r":0.3636363636,
        "f":0.48
      },
      "I-DES":{
        "p":0.65,
        "r":0.52,
        "f":0.5777777778
      },
      "B-ORG":{
        "p":0.4,
        "r":0.32,
        "f":0.3555555556
      },
      "B-PHONE":{
        "p":0.7777777778,
        "r":0.5384615385,
        "f":0.6363636364
      },
      "B-DES":{
        "p":0.4166666667,
        "r":0.3333333333,
        "f":0.3703703704
      },
      "I-EMAIL":{
        "p":0.5,
        "r":0.1,
        "f":0.1666666667
      },
      "B-EMAIL":{
        "p":0.7857142857,
        "r":0.55,
        "f":0.6470588235
      },
      "I-PHONE":{
        "p":0.5428571429,
        "r":0.6333333333,
        "f":0.5846153846
      },
      "I-ORG":{
        "p":0.6078431373,
        "r":0.5081967213,
        "f":0.5535714286
      },
      "B-WEB":{
        "p":0.8,
        "r":0.3636363636,
        "f":0.5
      },
      "NAME":{
        "p":0.0,
        "r":0.0,
        "f":0.0
      },
      "I-OR":{
        "p":0.0,
        "r":0.0,
        "f":0.0
      },
      "ORG":{
        "p":0.0,
        "r":0.0,
        "f":0.0
      }
    },
    "tok2vec_loss":762.3207437062,
    "ner_loss":528.817124313
  }
}