{
  "lang":"en",
  "name":"pipeline",
  "version":"0.0.0",
  "spacy_version":">=3.2.0,<3.3.0",
  "description":"",
  "author":"",
  "email":"",
  "url":"",
  "license":"",
  "spacy_git_version":"0fc3dee77",
  "vectors":{
    "width":0,
    "vectors":0,
    "keys":0,
    "name":null,
    "mode":"default"
  },
  "labels":{
    "tok2vec":[

    ],
    "ner":[
      "B",
      "DES",
      "EMAIL",
      "I",
      "NAME",
      "ORG",
      "PHONE",
      "WEB"
    ]
  },
  "pipeline":[
    "tok2vec",
    "ner"
  ],
  "components":[
    "tok2vec",
    "ner"
  ],
  "disabled":[

  ],
  "performance":{
    "ents_f":0.6477732794,
    "ents_p":0.6639004149,
    "ents_r":0.6324110672,
    "ents_per_type":{
      "B-NAME":{
        "p":0.619047619,
        "r":0.6842105263,
        "f":0.65
      },
      "I-NAME":{
        "p":0.8076923077,
        "r":0.7,
        "f":0.75
      },
      "B-DES":{
        "p":0.8333333333,
        "r":0.5555555556,
        "f":0.6666666667
      },
      "I-DES":{
        "p":0.4615384615,
        "r":0.8,
        "f":0.5853658537
      },
      "B-ORG":{
        "p":0.4545454545,
        "r":0.3846153846,
        "f":0.4166666667
      },
      "I-ORG":{
        "p":0.6363636364,
        "r":0.56,
        "f":0.5957446809
      },
      "B-PHONE":{
        "p":0.7647058824,
        "r":0.7222222222,
        "f":0.7428571429
      },
      "B-EMAIL":{
        "p":0.8823529412,
        "r":0.8333333333,
        "f":0.8571428571
      },
      "B-WEB":{
        "p":1.0,
        "r":0.5555555556,
        "f":0.7142857143
      },
      "I-PHONE":{
        "p":0.5862068966,
        "r":0.85,
        "f":0.693877551
      },
      "PHONE":{
        "p":0.0,
        "r":0.0,
        "f":0.0
      },
      "I-EMAIL":{
        "p":1.0,
        "r":0.6,
        "f":0.75
      },
      "ORG":{
        "p":0.0,
        "r":0.0,
        "f":0.0
      },
      "I-DE":{
        "p":0.0,
        "r":0.0,
        "f":0.0
      }
    },
    "tok2vec_loss":745.8931210335,
    "ner_loss":1075.8920598658
  }
}